{
  "corpus_size": 66573,
  "n_questions": 500,
  "embed_time_sec": 62.02381400001468,
  "results": {
    "RAG-k5": {
      "overall": {
        "R@2": 0.49,
        "R@5": 0.608,
        "R@10": 0.608,
        "R@20": 0.608,
        "MRR": 0.7660666666666666
      },
      "by_type": {
        "bridge": {
          "R@2": 0.465,
          "R@5": 0.5825,
          "R@10": 0.5825,
          "R@20": 0.5825,
          "MRR": 0.7454999999999999
        },
        "comparison": {
          "R@2": 0.59,
          "R@5": 0.71,
          "R@10": 0.71,
          "R@20": 0.71,
          "MRR": 0.8483333333333333
        }
      }
    },
    "RAG-k10": {
      "overall": {
        "R@2": 0.49,
        "R@5": 0.608,
        "R@10": 0.674,
        "R@20": 0.674,
        "MRR": 0.7709650793650794
      },
      "by_type": {
        "bridge": {
          "R@2": 0.465,
          "R@5": 0.5825,
          "R@10": 0.645,
          "R@20": 0.645,
          "MRR": 0.7509285714285714
        },
        "comparison": {
          "R@2": 0.59,
          "R@5": 0.71,
          "R@10": 0.79,
          "R@20": 0.79,
          "MRR": 0.8511111111111112
        }
      }
    },
    "RAG-k20": {
      "overall": {
        "R@2": 0.49,
        "R@5": 0.608,
        "R@10": 0.674,
        "R@20": 0.729,
        "MRR": 0.7727616270554352
      },
      "by_type": {
        "bridge": {
          "R@2": 0.465,
          "R@5": 0.5825,
          "R@10": 0.645,
          "R@20": 0.70125,
          "MRR": 0.7529103671526272
        },
        "comparison": {
          "R@2": 0.59,
          "R@5": 0.71,
          "R@10": 0.79,
          "R@20": 0.84,
          "MRR": 0.8521666666666667
        }
      }
    },
    "RAG-rerank": {
      "overall": {
        "R@2": 0.624,
        "R@5": 0.696,
        "R@10": 0.696,
        "R@20": 0.696,
        "MRR": 0.8638666666666668
      },
      "by_type": {
        "bridge": {
          "R@2": 0.58875,
          "R@5": 0.66375,
          "R@10": 0.66375,
          "R@20": 0.66375,
          "MRR": 0.8465
        },
        "comparison": {
          "R@2": 0.765,
          "R@5": 0.825,
          "R@10": 0.825,
          "R@20": 0.825,
          "MRR": 0.9333333333333332
        }
      }
    },
    "IFR-greedy": {
      "overall": {
        "R@2": 0.509,
        "R@5": 0.626,
        "R@10": 0.681,
        "R@20": 0.71,
        "MRR": 0.7688195767195766
      },
      "by_type": {
        "bridge": {
          "R@2": 0.48125,
          "R@5": 0.595,
          "R@10": 0.6525,
          "R@20": 0.68375,
          "MRR": 0.7486633597883597
        },
        "comparison": {
          "R@2": 0.62,
          "R@5": 0.75,
          "R@10": 0.795,
          "R@20": 0.815,
          "MRR": 0.8494444444444444
        }
      }
    },
    "IFR-beam": {
      "overall": {
        "R@2": 0.499,
        "R@5": 0.619,
        "R@10": 0.705,
        "R@20": 0.757,
        "MRR": 0.7795321417109663
      },
      "by_type": {
        "bridge": {
          "R@2": 0.47375,
          "R@5": 0.59125,
          "R@10": 0.6775,
          "R@20": 0.735,
          "MRR": 0.7620540660275968
        },
        "comparison": {
          "R@2": 0.6,
          "R@5": 0.73,
          "R@10": 0.815,
          "R@20": 0.845,
          "MRR": 0.8494444444444444
        }
      }
    },
    "IFR-hybrid+CE": {
      "overall": {
        "R@2": 0.641,
        "R@5": 0.726,
        "R@10": 0.726,
        "R@20": 0.726,
        "MRR": 0.8662333333333333
      },
      "by_type": {
        "bridge": {
          "R@2": 0.61125,
          "R@5": 0.70125,
          "R@10": 0.70125,
          "R@20": 0.70125,
          "MRR": 0.8569583333333333
        },
        "comparison": {
          "R@2": 0.76,
          "R@5": 0.825,
          "R@10": 0.825,
          "R@20": 0.825,
          "MRR": 0.9033333333333333
        }
      }
    }
  }
}
