{
  "corpus_size": 508826,
  "n_questions": 500,
  "seed": 42,
  "embed_time_sec": 456.2523206000333,
  "results": {
    "RAG-k5": {
      "overall": {
        "R@2": 0.361,
        "R@5": 0.441,
        "R@10": 0.441,
        "R@20": 0.441,
        "MRR": 0.615
      },
      "by_type": {
        "bridge": {
          "R@2": 0.35875,
          "R@5": 0.43125,
          "R@10": 0.43125,
          "R@20": 0.43125,
          "MRR": 0.6165833333333333
        },
        "comparison": {
          "R@2": 0.37,
          "R@5": 0.48,
          "R@10": 0.48,
          "R@20": 0.48,
          "MRR": 0.6086666666666666
        }
      }
    },
    "RAG-k10": {
      "overall": {
        "R@2": 0.361,
        "R@5": 0.441,
        "R@10": 0.483,
        "R@20": 0.483,
        "MRR": 0.6193738095238095
      },
      "by_type": {
        "bridge": {
          "R@2": 0.35875,
          "R@5": 0.43125,
          "R@10": 0.4725,
          "R@20": 0.4725,
          "MRR": 0.6211061507936507
        },
        "comparison": {
          "R@2": 0.37,
          "R@5": 0.48,
          "R@10": 0.525,
          "R@20": 0.525,
          "MRR": 0.6124444444444443
        }
      }
    },
    "RAG-k20": {
      "overall": {
        "R@2": 0.361,
        "R@5": 0.441,
        "R@10": 0.483,
        "R@20": 0.532,
        "MRR": 0.6230842025191871
      },
      "by_type": {
        "bridge": {
          "R@2": 0.35875,
          "R@5": 0.43125,
          "R@10": 0.4725,
          "R@20": 0.52125,
          "MRR": 0.6247780248217554
        },
        "comparison": {
          "R@2": 0.37,
          "R@5": 0.48,
          "R@10": 0.525,
          "R@20": 0.575,
          "MRR": 0.6163089133089134
        }
      }
    },
    "RAG-rerank": {
      "overall": {
        "R@2": 0.456,
        "R@5": 0.503,
        "R@10": 0.503,
        "R@20": 0.503,
        "MRR": 0.7485
      },
      "by_type": {
        "bridge": {
          "R@2": 0.44125,
          "R@5": 0.48875,
          "R@10": 0.48875,
          "R@20": 0.48875,
          "MRR": 0.741875
        },
        "comparison": {
          "R@2": 0.515,
          "R@5": 0.56,
          "R@10": 0.56,
          "R@20": 0.56,
          "MRR": 0.775
        }
      }
    },
    "IFR-greedy": {
      "overall": {
        "R@2": 0.367,
        "R@5": 0.436,
        "R@10": 0.474,
        "R@20": 0.505,
        "MRR": 0.6154780833532366
      },
      "by_type": {
        "bridge": {
          "R@2": 0.365,
          "R@5": 0.42875,
          "R@10": 0.47,
          "R@20": 0.5025,
          "MRR": 0.6128891547656761
        },
        "comparison": {
          "R@2": 0.375,
          "R@5": 0.465,
          "R@10": 0.49,
          "R@20": 0.515,
          "MRR": 0.6258337977034786
        }
      }
    },
    "IFR-beam": {
      "overall": {
        "R@2": 0.379,
        "R@5": 0.463,
        "R@10": 0.522,
        "R@20": 0.585,
        "MRR": 0.6435624646923761
      },
      "by_type": {
        "bridge": {
          "R@2": 0.375,
          "R@5": 0.45,
          "R@10": 0.505,
          "R@20": 0.5675,
          "MRR": 0.6456509693976699
        },
        "comparison": {
          "R@2": 0.395,
          "R@5": 0.515,
          "R@10": 0.59,
          "R@20": 0.655,
          "MRR": 0.6352084458712015
        }
      }
    },
    "IFR-hybrid+CE": {
      "overall": {
        "R@2": 0.497,
        "R@5": 0.548,
        "R@10": 0.548,
        "R@20": 0.548,
        "MRR": 0.7796666666666666
      },
      "by_type": {
        "bridge": {
          "R@2": 0.47625,
          "R@5": 0.5275,
          "R@10": 0.5275,
          "R@20": 0.5275,
          "MRR": 0.7708333333333333
        },
        "comparison": {
          "R@2": 0.58,
          "R@5": 0.63,
          "R@10": 0.63,
          "R@20": 0.63,
          "MRR": 0.815
        }
      }
    }
  }
}
