{
  "corpus_size": 66573,
  "n_questions": 500,
  "embed_time_sec": 61.68740360008087,
  "results": {
    "RAG-k5": {
      "overall": {
        "R@2": 0.492,
        "R@5": 0.61,
        "R@10": 0.61,
        "R@20": 0.61,
        "MRR": 0.7642333333333333
      },
      "by_type": {
        "bridge": {
          "R@2": 0.47,
          "R@5": 0.58875,
          "R@10": 0.58875,
          "R@20": 0.58875,
          "MRR": 0.7488333333333332
        },
        "comparison": {
          "R@2": 0.58,
          "R@5": 0.695,
          "R@10": 0.695,
          "R@20": 0.695,
          "MRR": 0.8258333333333333
        }
      }
    },
    "RAG-rerank": {
      "overall": {
        "R@2": 0.628,
        "R@5": 0.7,
        "R@10": 0.7,
        "R@20": 0.7,
        "MRR": 0.8716333333333334
      },
      "by_type": {
        "bridge": {
          "R@2": 0.595,
          "R@5": 0.67125,
          "R@10": 0.67125,
          "R@20": 0.67125,
          "MRR": 0.8587083333333334
        },
        "comparison": {
          "R@2": 0.76,
          "R@5": 0.815,
          "R@10": 0.815,
          "R@20": 0.815,
          "MRR": 0.9233333333333333
        }
      }
    },
    "IFR-beam": {
      "overall": {
        "R@2": 0.498,
        "R@5": 0.619,
        "R@10": 0.705,
        "R@20": 0.754,
        "MRR": 0.7782149966235116
      },
      "by_type": {
        "bridge": {
          "R@2": 0.47375,
          "R@5": 0.5925,
          "R@10": 0.67875,
          "R@20": 0.7325,
          "MRR": 0.7629076346682786
        },
        "comparison": {
          "R@2": 0.595,
          "R@5": 0.725,
          "R@10": 0.81,
          "R@20": 0.84,
          "MRR": 0.8394444444444444
        }
      }
    },
    "IFR-swarm": {
      "overall": {
        "R@2": 0.497,
        "R@5": 0.621,
        "R@10": 0.708,
        "R@20": 0.762,
        "MRR": 0.7791610446226825
      },
      "by_type": {
        "bridge": {
          "R@2": 0.4725,
          "R@5": 0.595,
          "R@10": 0.6825,
          "R@20": 0.73875,
          "MRR": 0.764090194667242
        },
        "comparison": {
          "R@2": 0.595,
          "R@5": 0.725,
          "R@10": 0.81,
          "R@20": 0.855,
          "MRR": 0.8394444444444444
        }
      }
    },
    "IFR-moving": {
      "overall": {
        "R@2": 0.496,
        "R@5": 0.619,
        "R@10": 0.704,
        "R@20": 0.753,
        "MRR": 0.7779613553995784
      },
      "by_type": {
        "bridge": {
          "R@2": 0.47125,
          "R@5": 0.5925,
          "R@10": 0.67875,
          "R@20": 0.73,
          "MRR": 0.7625905831383619
        },
        "comparison": {
          "R@2": 0.595,
          "R@5": 0.725,
          "R@10": 0.805,
          "R@20": 0.845,
          "MRR": 0.8394444444444444
        }
      }
    },
    "IFR-drifting": {
      "overall": {
        "R@2": 0.496,
        "R@5": 0.619,
        "R@10": 0.696,
        "R@20": 0.738,
        "MRR": 0.7770877301906312
      },
      "by_type": {
        "bridge": {
          "R@2": 0.47125,
          "R@5": 0.5925,
          "R@10": 0.66875,
          "R@20": 0.7175,
          "MRR": 0.7614985516271777
        },
        "comparison": {
          "R@2": 0.595,
          "R@5": 0.725,
          "R@10": 0.805,
          "R@20": 0.82,
          "MRR": 0.8394444444444444
        }
      }
    },
    "IFR-hybrid+CE": {
      "overall": {
        "R@2": 0.638,
        "R@5": 0.723,
        "R@10": 0.723,
        "R@20": 0.723,
        "MRR": 0.8623999999999999
      },
      "by_type": {
        "bridge": {
          "R@2": 0.60875,
          "R@5": 0.69875,
          "R@10": 0.69875,
          "R@20": 0.69875,
          "MRR": 0.8546666666666667
        },
        "comparison": {
          "R@2": 0.755,
          "R@5": 0.82,
          "R@10": 0.82,
          "R@20": 0.82,
          "MRR": 0.8933333333333333
        }
      }
    },
    "IFR-swarm+CE": {
      "overall": {
        "R@2": 0.649,
        "R@5": 0.728,
        "R@10": 0.728,
        "R@20": 0.728,
        "MRR": 0.8683
      },
      "by_type": {
        "bridge": {
          "R@2": 0.61875,
          "R@5": 0.70125,
          "R@10": 0.70125,
          "R@20": 0.70125,
          "MRR": 0.8620416666666667
        },
        "comparison": {
          "R@2": 0.77,
          "R@5": 0.835,
          "R@10": 0.835,
          "R@20": 0.835,
          "MRR": 0.8933333333333333
        }
      }
    },
    "IFR-moving+CE": {
      "overall": {
        "R@2": 0.637,
        "R@5": 0.717,
        "R@10": 0.717,
        "R@20": 0.717,
        "MRR": 0.8655666666666666
      },
      "by_type": {
        "bridge": {
          "R@2": 0.60875,
          "R@5": 0.69,
          "R@10": 0.69,
          "R@20": 0.69,
          "MRR": 0.859875
        },
        "comparison": {
          "R@2": 0.75,
          "R@5": 0.825,
          "R@10": 0.825,
          "R@20": 0.825,
          "MRR": 0.8883333333333333
        }
      }
    },
    "IFR-drifting+CE": {
      "overall": {
        "R@2": 0.623,
        "R@5": 0.703,
        "R@10": 0.703,
        "R@20": 0.703,
        "MRR": 0.8547333333333333
      },
      "by_type": {
        "bridge": {
          "R@2": 0.595,
          "R@5": 0.67875,
          "R@10": 0.67875,
          "R@20": 0.67875,
          "MRR": 0.8463333333333333
        },
        "comparison": {
          "R@2": 0.735,
          "R@5": 0.8,
          "R@10": 0.8,
          "R@20": 0.8,
          "MRR": 0.8883333333333333
        }
      }
    }
  }
}
