{
  "corpus_size": 66573,
  "n_questions": 500,
  "embed_time_sec": 65.28972870000871,
  "results": {
    "RAG-k5": {
      "overall": {
        "R@2": 0.489,
        "R@5": 0.608,
        "R@10": 0.608,
        "R@20": 0.608,
        "MRR": 0.7597333333333334
      },
      "by_type": {
        "bridge": {
          "R@2": 0.46875,
          "R@5": 0.5875,
          "R@10": 0.5875,
          "R@20": 0.5875,
          "MRR": 0.7475833333333333
        },
        "comparison": {
          "R@2": 0.57,
          "R@5": 0.69,
          "R@10": 0.69,
          "R@20": 0.69,
          "MRR": 0.8083333333333332
        }
      }
    },
    "RAG-k10": {
      "overall": {
        "R@2": 0.489,
        "R@5": 0.608,
        "R@10": 0.675,
        "R@20": 0.675,
        "MRR": 0.7658023809523808
      },
      "by_type": {
        "bridge": {
          "R@2": 0.46875,
          "R@5": 0.5875,
          "R@10": 0.65125,
          "R@20": 0.65125,
          "MRR": 0.7537609126984127
        },
        "comparison": {
          "R@2": 0.57,
          "R@5": 0.69,
          "R@10": 0.77,
          "R@20": 0.77,
          "MRR": 0.8139682539682539
        }
      }
    },
    "RAG-k20": {
      "overall": {
        "R@2": 0.489,
        "R@5": 0.608,
        "R@10": 0.675,
        "R@20": 0.728,
        "MRR": 0.7677640080078161
      },
      "by_type": {
        "bridge": {
          "R@2": 0.46875,
          "R@5": 0.5875,
          "R@10": 0.65125,
          "R@20": 0.70625,
          "MRR": 0.7560658876941772
        },
        "comparison": {
          "R@2": 0.57,
          "R@5": 0.69,
          "R@10": 0.77,
          "R@20": 0.815,
          "MRR": 0.8145564892623716
        }
      }
    },
    "RAG-rerank": {
      "overall": {
        "R@2": 0.626,
        "R@5": 0.697,
        "R@10": 0.697,
        "R@20": 0.697,
        "MRR": 0.8706333333333334
      },
      "by_type": {
        "bridge": {
          "R@2": 0.595,
          "R@5": 0.67,
          "R@10": 0.67,
          "R@20": 0.67,
          "MRR": 0.8624583333333333
        },
        "comparison": {
          "R@2": 0.75,
          "R@5": 0.805,
          "R@10": 0.805,
          "R@20": 0.805,
          "MRR": 0.9033333333333333
        }
      }
    },
    "IFR-greedy": {
      "overall": {
        "R@2": 0.445,
        "R@5": 0.521,
        "R@10": 0.528,
        "R@20": 0.532,
        "MRR": 0.7426457070707071
      },
      "by_type": {
        "bridge": {
          "R@2": 0.44,
          "R@5": 0.52875,
          "R@10": 0.5375,
          "R@20": 0.5425,
          "MRR": 0.7308071338383839
        },
        "comparison": {
          "R@2": 0.465,
          "R@5": 0.49,
          "R@10": 0.49,
          "R@20": 0.49,
          "MRR": 0.79
        }
      }
    },
    "IFR-beam": {
      "overall": {
        "R@2": 0.49,
        "R@5": 0.609,
        "R@10": 0.658,
        "R@20": 0.677,
        "MRR": 0.7640237234987235
      },
      "by_type": {
        "bridge": {
          "R@2": 0.47,
          "R@5": 0.58875,
          "R@10": 0.64,
          "R@20": 0.6625,
          "MRR": 0.7522518765956266
        },
        "comparison": {
          "R@2": 0.57,
          "R@5": 0.69,
          "R@10": 0.73,
          "R@20": 0.735,
          "MRR": 0.8111111111111111
        }
      }
    },
    "IFR-hybrid+CE": {
      "overall": {
        "R@2": 0.597,
        "R@5": 0.672,
        "R@10": 0.672,
        "R@20": 0.672,
        "MRR": 0.8406333333333333
      },
      "by_type": {
        "bridge": {
          "R@2": 0.57625,
          "R@5": 0.65625,
          "R@10": 0.65625,
          "R@20": 0.65625,
          "MRR": 0.8324583333333334
        },
        "comparison": {
          "R@2": 0.68,
          "R@5": 0.735,
          "R@10": 0.735,
          "R@20": 0.735,
          "MRR": 0.8733333333333333
        }
      }
    }
  }
}
