{
  "corpus_size": 5209847,
  "n_questions": 500,
  "seed": 42,
  "results": {
    "RAG-k5": {
      "overall": {
        "R@2": 0.245,
        "R@5": 0.29,
        "R@10": 0.29,
        "R@20": 0.29,
        "MRR": 0.44260000000000005
      },
      "by_type": {
        "bridge": {
          "R@2": 0.2275,
          "R@5": 0.265,
          "R@10": 0.265,
          "R@20": 0.265,
          "MRR": 0.42762500000000003
        },
        "comparison": {
          "R@2": 0.315,
          "R@5": 0.39,
          "R@10": 0.39,
          "R@20": 0.39,
          "MRR": 0.5025
        }
      }
    },
    "RAG-rerank": {
      "overall": {
        "R@2": 0.305,
        "R@5": 0.337,
        "R@10": 0.337,
        "R@20": 0.337,
        "MRR": 0.5476333333333334
      },
      "by_type": {
        "bridge": {
          "R@2": 0.27625,
          "R@5": 0.305,
          "R@10": 0.305,
          "R@20": 0.305,
          "MRR": 0.5107916666666666
        },
        "comparison": {
          "R@2": 0.42,
          "R@5": 0.465,
          "R@10": 0.465,
          "R@20": 0.465,
          "MRR": 0.695
        }
      }
    },
    "IFR-beam-100h": {
      "overall": {
        "R@2": 0.261,
        "R@5": 0.309,
        "R@10": 0.355,
        "R@20": 0.381,
        "MRR": 0.47471247341826994
      },
      "by_type": {
        "bridge": {
          "R@2": 0.24125,
          "R@5": 0.28,
          "R@10": 0.32625,
          "R@20": 0.34875,
          "MRR": 0.46050449869924437
        },
        "comparison": {
          "R@2": 0.34,
          "R@5": 0.425,
          "R@10": 0.47,
          "R@20": 0.51,
          "MRR": 0.5315443722943723
        }
      }
    },
    "IFR-swarm": {
      "overall": {
        "R@2": 0.26,
        "R@5": 0.312,
        "R@10": 0.357,
        "R@20": 0.384,
        "MRR": 0.47381880526396214
      },
      "by_type": {
        "bridge": {
          "R@2": 0.23875,
          "R@5": 0.28125,
          "R@10": 0.32375,
          "R@20": 0.3475,
          "MRR": 0.45696415301093884
        },
        "comparison": {
          "R@2": 0.345,
          "R@5": 0.435,
          "R@10": 0.49,
          "R@20": 0.53,
          "MRR": 0.5412374142760552
        }
      }
    },
    "IFR-sentinel": {
      "overall": {
        "R@2": 0.253,
        "R@5": 0.302,
        "R@10": 0.336,
        "R@20": 0.351,
        "MRR": 0.459799876677137
      },
      "by_type": {
        "bridge": {
          "R@2": 0.23375,
          "R@5": 0.275,
          "R@10": 0.30625,
          "R@20": 0.32125,
          "MRR": 0.4439976392567147
        },
        "comparison": {
          "R@2": 0.33,
          "R@5": 0.41,
          "R@10": 0.455,
          "R@20": 0.47,
          "MRR": 0.5230088263588263
        }
      }
    },
    "IFR-hybrid+CE-100h": {
      "overall": {
        "R@2": 0.323,
        "R@5": 0.366,
        "R@10": 0.366,
        "R@20": 0.366,
        "MRR": 0.5541333333333334
      },
      "by_type": {
        "bridge": {
          "R@2": 0.29,
          "R@5": 0.33125,
          "R@10": 0.33125,
          "R@20": 0.33125,
          "MRR": 0.5214166666666666
        },
        "comparison": {
          "R@2": 0.455,
          "R@5": 0.505,
          "R@10": 0.505,
          "R@20": 0.505,
          "MRR": 0.685
        }
      }
    },
    "IFR-swarm+CE": {
      "overall": {
        "R@2": 0.329,
        "R@5": 0.368,
        "R@10": 0.368,
        "R@20": 0.368,
        "MRR": 0.5556666666666666
      },
      "by_type": {
        "bridge": {
          "R@2": 0.29375,
          "R@5": 0.32875,
          "R@10": 0.32875,
          "R@20": 0.32875,
          "MRR": 0.5195833333333333
        },
        "comparison": {
          "R@2": 0.47,
          "R@5": 0.525,
          "R@10": 0.525,
          "R@20": 0.525,
          "MRR": 0.7
        }
      }
    },
    "IFR-sentinel+CE": {
      "overall": {
        "R@2": 0.302,
        "R@5": 0.335,
        "R@10": 0.335,
        "R@20": 0.335,
        "MRR": 0.5220333333333333
      },
      "by_type": {
        "bridge": {
          "R@2": 0.2725,
          "R@5": 0.30375,
          "R@10": 0.30375,
          "R@20": 0.30375,
          "MRR": 0.4894166666666666
        },
        "comparison": {
          "R@2": 0.42,
          "R@5": 0.46,
          "R@10": 0.46,
          "R@20": 0.46,
          "MRR": 0.6525
        }
      }
    }
  }
}
