{
  "corpus_size": 66573,
  "n_questions": 500,
  "embed_time_sec": 65.69059429998742,
  "results": {
    "RAG-k5": {
      "overall": {
        "R@2": 0.514,
        "R@5": 0.633,
        "R@10": 0.633,
        "R@20": 0.633,
        "MRR": 0.7772
      },
      "by_type": {
        "bridge": {
          "R@2": 0.50125,
          "R@5": 0.61375,
          "R@10": 0.61375,
          "R@20": 0.61375,
          "MRR": 0.7687916666666667
        },
        "comparison": {
          "R@2": 0.565,
          "R@5": 0.71,
          "R@10": 0.71,
          "R@20": 0.71,
          "MRR": 0.8108333333333334
        }
      }
    },
    "RAG-k10": {
      "overall": {
        "R@2": 0.514,
        "R@5": 0.633,
        "R@10": 0.693,
        "R@20": 0.693,
        "MRR": 0.781018253968254
      },
      "by_type": {
        "bridge": {
          "R@2": 0.50125,
          "R@5": 0.61375,
          "R@10": 0.67625,
          "R@20": 0.67625,
          "MRR": 0.7733144841269841
        },
        "comparison": {
          "R@2": 0.565,
          "R@5": 0.71,
          "R@10": 0.76,
          "R@20": 0.76,
          "MRR": 0.8118333333333334
        }
      }
    },
    "RAG-k20": {
      "overall": {
        "R@2": 0.514,
        "R@5": 0.633,
        "R@10": 0.693,
        "R@20": 0.745,
        "MRR": 0.7823253292029608
      },
      "by_type": {
        "bridge": {
          "R@2": 0.50125,
          "R@5": 0.61375,
          "R@10": 0.67625,
          "R@20": 0.72625,
          "MRR": 0.7747560204780599
        },
        "comparison": {
          "R@2": 0.565,
          "R@5": 0.71,
          "R@10": 0.76,
          "R@20": 0.82,
          "MRR": 0.812602564102564
        }
      }
    },
    "RAG-rerank": {
      "overall": {
        "R@2": 0.647,
        "R@5": 0.72,
        "R@10": 0.72,
        "R@20": 0.72,
        "MRR": 0.885
      },
      "by_type": {
        "bridge": {
          "R@2": 0.62625,
          "R@5": 0.6975,
          "R@10": 0.6975,
          "R@20": 0.6975,
          "MRR": 0.8829166666666666
        },
        "comparison": {
          "R@2": 0.73,
          "R@5": 0.81,
          "R@10": 0.81,
          "R@20": 0.81,
          "MRR": 0.8933333333333333
        }
      }
    },
    "IFR-greedy": {
      "overall": {
        "R@2": 0.514,
        "R@5": 0.627,
        "R@10": 0.691,
        "R@20": 0.716,
        "MRR": 0.7698193286245918
      },
      "by_type": {
        "bridge": {
          "R@2": 0.50125,
          "R@5": 0.6125,
          "R@10": 0.6775,
          "R@20": 0.7025,
          "MRR": 0.7623991607807398
        },
        "comparison": {
          "R@2": 0.565,
          "R@5": 0.685,
          "R@10": 0.745,
          "R@20": 0.77,
          "MRR": 0.7995
        }
      }
    },
    "IFR-beam": {
      "overall": {
        "R@2": 0.522,
        "R@5": 0.646,
        "R@10": 0.733,
        "R@20": 0.783,
        "MRR": 0.7891534609635144
      },
      "by_type": {
        "bridge": {
          "R@2": 0.50625,
          "R@5": 0.625,
          "R@10": 0.71375,
          "R@20": 0.76125,
          "MRR": 0.7808745185120852
        },
        "comparison": {
          "R@2": 0.585,
          "R@5": 0.73,
          "R@10": 0.81,
          "R@20": 0.87,
          "MRR": 0.8222692307692309
        }
      }
    },
    "IFR-hybrid+CE": {
      "overall": {
        "R@2": 0.669,
        "R@5": 0.752,
        "R@10": 0.752,
        "R@20": 0.752,
        "MRR": 0.8863333333333333
      },
      "by_type": {
        "bridge": {
          "R@2": 0.645,
          "R@5": 0.725,
          "R@10": 0.725,
          "R@20": 0.725,
          "MRR": 0.8820833333333333
        },
        "comparison": {
          "R@2": 0.765,
          "R@5": 0.86,
          "R@10": 0.86,
          "R@20": 0.86,
          "MRR": 0.9033333333333333
        }
      }
    }
  }
}
