{
  "corpus_size": 66573,
  "n_questions": 500,
  "embed_time_sec": 64.81395260000136,
  "results": {
    "RAG-k5": {
      "overall": {
        "R@2": 0.515,
        "R@5": 0.628,
        "R@10": 0.628,
        "R@20": 0.628,
        "MRR": 0.7858666666666666
      },
      "by_type": {
        "bridge": {
          "R@2": 0.5,
          "R@5": 0.6075,
          "R@10": 0.6075,
          "R@20": 0.6075,
          "MRR": 0.77725
        },
        "comparison": {
          "R@2": 0.575,
          "R@5": 0.71,
          "R@10": 0.71,
          "R@20": 0.71,
          "MRR": 0.8203333333333334
        }
      }
    },
    "RAG-k10": {
      "overall": {
        "R@2": 0.515,
        "R@5": 0.628,
        "R@10": 0.682,
        "R@20": 0.682,
        "MRR": 0.7893246031746032
      },
      "by_type": {
        "bridge": {
          "R@2": 0.5,
          "R@5": 0.6075,
          "R@10": 0.65875,
          "R@20": 0.65875,
          "MRR": 0.7809027777777777
        },
        "comparison": {
          "R@2": 0.575,
          "R@5": 0.71,
          "R@10": 0.775,
          "R@20": 0.775,
          "MRR": 0.8230119047619047
        }
      }
    },
    "RAG-k20": {
      "overall": {
        "R@2": 0.515,
        "R@5": 0.628,
        "R@10": 0.682,
        "R@20": 0.739,
        "MRR": 0.7909742533180613
      },
      "by_type": {
        "bridge": {
          "R@2": 0.5,
          "R@5": 0.6075,
          "R@10": 0.65875,
          "R@20": 0.71625,
          "MRR": 0.7826870626793226
        },
        "comparison": {
          "R@2": 0.575,
          "R@5": 0.71,
          "R@10": 0.775,
          "R@20": 0.83,
          "MRR": 0.8241230158730158
        }
      }
    },
    "RAG-rerank": {
      "overall": {
        "R@2": 0.64,
        "R@5": 0.717,
        "R@10": 0.717,
        "R@20": 0.717,
        "MRR": 0.8825
      },
      "by_type": {
        "bridge": {
          "R@2": 0.62375,
          "R@5": 0.69125,
          "R@10": 0.69125,
          "R@20": 0.69125,
          "MRR": 0.8710416666666667
        },
        "comparison": {
          "R@2": 0.705,
          "R@5": 0.82,
          "R@10": 0.82,
          "R@20": 0.82,
          "MRR": 0.9283333333333335
        }
      }
    },
    "IFR-greedy": {
      "overall": {
        "R@2": 0.522,
        "R@5": 0.641,
        "R@10": 0.696,
        "R@20": 0.726,
        "MRR": 0.7852510082510082
      },
      "by_type": {
        "bridge": {
          "R@2": 0.50625,
          "R@5": 0.6225,
          "R@10": 0.6775,
          "R@20": 0.70875,
          "MRR": 0.7788970936470936
        },
        "comparison": {
          "R@2": 0.585,
          "R@5": 0.715,
          "R@10": 0.77,
          "R@20": 0.795,
          "MRR": 0.8106666666666666
        }
      }
    },
    "IFR-beam": {
      "overall": {
        "R@2": 0.52,
        "R@5": 0.642,
        "R@10": 0.719,
        "R@20": 0.771,
        "MRR": 0.79809324750424
      },
      "by_type": {
        "bridge": {
          "R@2": 0.505,
          "R@5": 0.6225,
          "R@10": 0.69375,
          "R@20": 0.74875,
          "MRR": 0.7897802498564904
        },
        "comparison": {
          "R@2": 0.58,
          "R@5": 0.72,
          "R@10": 0.82,
          "R@20": 0.86,
          "MRR": 0.8313452380952381
        }
      }
    },
    "IFR-hybrid+CE": {
      "overall": {
        "R@2": 0.66,
        "R@5": 0.746,
        "R@10": 0.746,
        "R@20": 0.746,
        "MRR": 0.8925
      },
      "by_type": {
        "bridge": {
          "R@2": 0.6425,
          "R@5": 0.7225,
          "R@10": 0.7225,
          "R@20": 0.7225,
          "MRR": 0.8877083333333334
        },
        "comparison": {
          "R@2": 0.73,
          "R@5": 0.84,
          "R@10": 0.84,
          "R@20": 0.84,
          "MRR": 0.9116666666666666
        }
      }
    }
  }
}
