{
  "setup_a": {
    "RAG-k2": {
      "agg": {
        "R@2": 0.4097710660598538,
        "R@5": 0.4097710660598538,
        "MRR": 0.7600330988829127,
        "F1@5": 0.2698150008865772,
        "P@5": 0.20587505171700454
      },
      "by_hops": {
        "2": {
          "R@2": 0.4740415335463259,
          "R@5": 0.4740415335463259,
          "MRR": 0.7503993610223643,
          "F1@5": 0.2708808763121862
        },
        "3": {
          "R@2": 0.3771929824561403,
          "R@5": 0.3771929824561403,
          "MRR": 0.7657894736842106,
          "F1@5": 0.28289473684210525
        },
        "4": {
          "R@2": 0.2722222222222222,
          "R@5": 0.2722222222222222,
          "MRR": 0.7790123456790123,
          "F1@5": 0.24197530864197533
        }
      }
    },
    "RAG-k5": {
      "agg": {
        "R@2": 0.4097710660598538,
        "R@5": 0.6117432078334023,
        "MRR": 0.7944490415115156,
        "F1@5": 0.40826224297469643,
        "P@5": 0.31386015721969385
      },
      "by_hops": {
        "2": {
          "R@2": 0.4740415335463259,
          "R@5": 0.6621405750798722,
          "MRR": 0.7866480298189562,
          "F1@5": 0.3783660429027842
        },
        "3": {
          "R@2": 0.3771929824561403,
          "R@5": 0.6096491228070176,
          "MRR": 0.8002631578947369,
          "F1@5": 0.45723684210526316
        },
        "4": {
          "R@2": 0.2722222222222222,
          "R@5": 0.45987654320987653,
          "MRR": 0.8076543209876543,
          "F1@5": 0.40877914951989025
        }
      }
    },
    "RAG-rerank": {
      "agg": {
        "R@2": 0.4348020962625844,
        "R@5": 0.5977106605985382,
        "MRR": 0.817535512343125,
        "F1@5": 0.39857720774146094,
        "P@5": 0.30633016135705426
      },
      "by_hops": {
        "2": {
          "R@2": 0.5079872204472844,
          "R@5": 0.6513578274760383,
          "MRR": 0.8131789137380192,
          "F1@5": 0.37220447284345054
        },
        "3": {
          "R@2": 0.3982456140350877,
          "R@5": 0.5864035087719298,
          "MRR": 0.8180482456140351,
          "F1@5": 0.4398026315789474
        },
        "4": {
          "R@2": 0.2771604938271605,
          "R@5": 0.45308641975308644,
          "MRR": 0.8300411522633744,
          "F1@5": 0.4027434842249657
        }
      }
    },
    "IFR-greedy": {
      "agg": {
        "R@2": 0.3611915597848573,
        "R@5": 0.5325817128671907,
        "MRR": 0.7366615743012102,
        "F1@5": 0.35321729022597875,
        "P@5": 0.2707488622258999
      },
      "by_hops": {
        "2": {
          "R@2": 0.43730031948881787,
          "R@5": 0.5998402555910544,
          "MRR": 0.7461869843858662,
          "F1@5": 0.34276586033774536
        },
        "3": {
          "R@2": 0.30921052631578944,
          "R@5": 0.4934210526315789,
          "MRR": 0.7361022347535505,
          "F1@5": 0.37006578947368424
        },
        "4": {
          "R@2": 0.2234567901234568,
          "R@5": 0.39814814814814814,
          "MRR": 0.7082647462277092,
          "F1@5": 0.35390946502057613
        }
      }
    },
    "IFR-beam": {
      "agg": {
        "R@2": 0.3703627085919184,
        "R@5": 0.5614053234036684,
        "MRR": 0.7467952833954076,
        "F1@5": 0.3728319903330247,
        "P@5": 0.2858916011584609
      },
      "by_hops": {
        "2": {
          "R@2": 0.44568690095846647,
          "R@5": 0.6246006389776357,
          "MRR": 0.7562429062329222,
          "F1@5": 0.35691465084436336
        },
        "3": {
          "R@2": 0.3232456140350877,
          "R@5": 0.5377192982456139,
          "MRR": 0.7395800873103504,
          "F1@5": 0.40328947368421053
        },
        "4": {
          "R@2": 0.22592592592592592,
          "R@5": 0.4104938271604938,
          "MRR": 0.7311289259437408,
          "F1@5": 0.36488340192043894
        }
      }
    },
    "IFR-hybrid+CE": {
      "agg": {
        "R@2": 0.43638808440215143,
        "R@5": 0.5945731623224384,
        "MRR": 0.8186594952420355,
        "F1@5": 0.39638210821495884,
        "P@5": 0.30459247000413736
      },
      "by_hops": {
        "2": {
          "R@2": 0.509185303514377,
          "R@5": 0.6485623003194888,
          "MRR": 0.8128194888178915,
          "F1@5": 0.37060702875399365
        },
        "3": {
          "R@2": 0.3986842105263158,
          "R@5": 0.5833333333333333,
          "MRR": 0.8178508771929823,
          "F1@5": 0.4375
        },
        "4": {
          "R@2": 0.2820987654320988,
          "R@5": 0.4487654320987654,
          "MRR": 0.8382304526748972,
          "F1@5": 0.39890260631001384
        }
      }
    }
  },
  "setup_b": {
    "RAG-k5": {
      "agg": {
        "R@5": 0.42375,
        "R@10": 0.42375,
        "R@20": 0.42375,
        "MRR": 0.6894166666666667
      },
      "by_hops": {
        "2": {
          "R@5": 0.55,
          "R@10": 0.55,
          "R@20": 0.55,
          "MRR": 0.7823333333333333
        },
        "3": {
          "R@5": 0.36666666666666664,
          "R@10": 0.36666666666666664,
          "R@20": 0.36666666666666664,
          "MRR": 0.6233333333333333
        },
        "4": {
          "R@5": 0.19375,
          "R@10": 0.19375,
          "R@20": 0.19375,
          "MRR": 0.55625
        }
      }
    },
    "RAG-rerank": {
      "agg": {
        "R@5": 0.44,
        "R@10": 0.44,
        "R@20": 0.44,
        "MRR": 0.7384999999999999
      },
      "by_hops": {
        "2": {
          "R@5": 0.57,
          "R@10": 0.57,
          "R@20": 0.57,
          "MRR": 0.8408333333333333
        },
        "3": {
          "R@5": 0.36666666666666653,
          "R@10": 0.36666666666666653,
          "R@20": 0.36666666666666653,
          "MRR": 0.6727777777777777
        },
        "4": {
          "R@5": 0.225,
          "R@10": 0.225,
          "R@20": 0.225,
          "MRR": 0.58125
        }
      }
    },
    "IFR-greedy": {
      "agg": {
        "R@5": 0.3133333333333333,
        "R@10": 0.34125,
        "R@20": 0.35875,
        "MRR": 0.5764061974846858
      },
      "by_hops": {
        "2": {
          "R@5": 0.435,
          "R@10": 0.46,
          "R@20": 0.47,
          "MRR": 0.6752702020202019
        },
        "3": {
          "R@5": 0.21111111111111108,
          "R@10": 0.24999999999999997,
          "R@20": 0.28333333333333327,
          "MRR": 0.4753577441077442
        },
        "4": {
          "R@5": 0.1625,
          "R@10": 0.18125,
          "R@20": 0.19375,
          "MRR": 0.48081886621130804
        }
      }
    },
    "IFR-beam": {
      "agg": {
        "R@5": 0.3608333333333333,
        "R@10": 0.4295833333333334,
        "R@20": 0.4804166666666667,
        "MRR": 0.6020557844932845
      },
      "by_hops": {
        "2": {
          "R@5": 0.485,
          "R@10": 0.57,
          "R@20": 0.605,
          "MRR": 0.7027797619047618
        },
        "3": {
          "R@5": 0.27777777777777773,
          "R@10": 0.3444444444444444,
          "R@20": 0.4222222222222222,
          "MRR": 0.5365664428164428
        },
        "4": {
          "R@5": 0.175,
          "R@10": 0.20625,
          "R@20": 0.25625,
          "MRR": 0.4484798534798535
        }
      }
    },
    "IFR-hybrid+CE": {
      "agg": {
        "R@5": 0.43,
        "R@10": 0.43,
        "R@20": 0.43,
        "MRR": 0.7504166666666666
      },
      "by_hops": {
        "2": {
          "R@5": 0.565,
          "R@10": 0.565,
          "R@20": 0.565,
          "MRR": 0.8391666666666667
        },
        "3": {
          "R@5": 0.3499999999999999,
          "R@10": 0.3499999999999999,
          "R@20": 0.3499999999999999,
          "MRR": 0.6680555555555555
        },
        "4": {
          "R@5": 0.2125,
          "R@10": 0.2125,
          "R@20": 0.2125,
          "MRR": 0.6520833333333333
        }
      }
    }
  }
}
