{
  "rag_by_k": {
    "1": 0.07696969696969698,
    "2": 0.25558548977903817,
    "3": 0.4559613478099879,
    "5": 0.2840490705200572,
    "8": 0.287290665641617,
    "10": 0.287290665641617,
    "15": 0.287290665641617,
    "20": 0.287290665641617
  },
  "ifr_k5": 0.06666666666666668
}
